Frame Offset; Frame Index; Frame Time (ms); Time from first frame (ms)
0;18288;4.1473;0
1;18289;3.6711;4.14729976654053
2;18290;3.056;7.81839966773987
3;18291;3.3146;10.8743996620178
4;18292;3.4346;14.1889996528625
5;18293;3.2018;17.6235995292664
6;18294;3.2572;20.8253996372223
7;18295;3.0291;24.0825996398926
8;18296;3.5357;27.1116995811462
9;18297;3.3351;30.6473996639252
10;18298;3.892;33.9824995994568
11;18299;4.106;37.8744995594025
12;18300;2.97;41.9804995059967
13;18301;3.611;44.9504995346069
14;18302;3.2551;48.5614995956421
15;18303;3.9275;51.8165996074677
16;18304;3.2319;55.7440996170044
17;18305;3.083;58.9759995937347
18;18306;2.9859;62.0589995384216
19;18307;3.1017;65.0448994636536
20;18308;3.2164;68.1465995311737
21;18309;2.9029;71.3629994392395
22;18310;3.196;74.2658994197845
23;18311;2.8882;77.4618995189667
24;18312;4.0567;80.3500995635986
25;18313;3.5454;84.4067993164063
26;18314;4.3981;87.9521992206573
27;18315;3.4235;92.3502991199493
28;18316;3.8121;95.7737991809845
29;18317;3.2192;99.5858991146088
30;18318;4.1297;102.805099010468
31;18319;3.497;106.934799194336
32;18320;3.4744;110.431799173355
33;18321;2.9327;113.906199216843
34;18322;2.7606;116.83889913559
35;18323;2.8992;119.599499225616
36;18324;2.7388;122.498699188232
37;18325;3.0905;125.237499237061
38;18326;3.0582;128.32799911499
39;18327;3.144;131.386198997498
40;18328;2.9401;134.530199050903
41;18329;2.7431;137.470299005508
42;18330;3.3758;140.213398933411
43;18331;3.4729;143.589198827744
44;18332;3.5251;147.062098741531
45;18333;3.9391;150.587198734283
46;18334;3.747;154.526298761368
47;18335;4.0127;158.273298740387
48;18336;3.5352;162.285998821259
49;18337;4.2414;165.821198701859
50;18338;3.5547;170.062598466873
51;18339;4.3197;173.617298364639
52;18340;3.7518;177.936998128891
53;18341;4.3338;181.688798189163
54;18342;4.3457;186.022598028183
55;18343;3.5768;190.368297815323
56;18344;4.1406;193.945097923279
57;18345;3.9745;198.085698127747
58;18346;4.3027;202.060198068619
59;18347;3.8689;206.362898111343
60;18348;4.9115;210.231798171997
61;18349;4.0756;215.143298149109
62;18350;3.6493;219.218898296356
63;18351;3.7133;222.868198394775
64;18352;5.654;226.581498384476
65;18353;6.0082;232.235498189926
66;18354;10.0878;238.243698358536
67;18355;4.8726;248.331498384476
68;18356;3.7176;253.204098463058
69;18357;4.315;256.921698570251
70;18358;3.8423;261.236698627472
71;18359;4.136;265.078998565674
72;18360;4.0376;269.214998722076
73;18361;3.9302;273.252598762512
74;18362;4.4865;277.182798862457
75;18363;4.5644;281.669298648834
76;18364;5.2885;286.23369884491
77;18365;4.2528;291.522198677063
78;18366;3.6692;295.774998664856
79;18367;3.5518;299.444198608398
80;18368;3.7265;302.995998620987
81;18369;3.8668;306.722498655319
82;18370;4.0171;310.589298725128
83;18371;3.6425;314.606398582458
84;18372;4.317;318.248898506165
85;18373;3.9062;322.565898418427
86;18374;3.8025;326.472098350525
87;18375;3.6796;330.274598360062
88;18376;3.4429;333.954198360443
89;18377;3.5793;337.397098302841
90;18378;4.335;340.976398229599
91;18379;4.0277;345.311398267746
92;18380;3.9091;349.339098215103
93;18381;4.3168;353.248198270798
94;18382;3.6008;357.56499838829
95;18383;3.6011;361.165798425674
96;18384;3.4396;364.766898393631
97;18385;4.0754;368.206498384476
98;18386;3.7917;372.281898260117
99;18387;3.5477;376.073598146439
100;18388;4.8821;379.621298074722
101;18389;4.1487;384.503398180008
102;18390;3.981;388.652097940445
103;18391;3.9623;392.633097887039
104;18392;3.9629;396.595397949219
105;18393;3.9968;400.558297872543
106;18394;3.6575;404.555097818375
107;18395;4.2402;408.212597846985
108;18396;3.8459;412.452797889709
109;18397;4.0014;416.298697948456
110;18398;4.0744;420.300097942352
111;18399;4.1791;424.374497890472
112;18400;3.4831;428.553597927094
113;18401;3.5447;432.036697864532
114;18402;3.9037;435.581397771835
115;18403;3.6452;439.485097646713
116;18404;3.6895;443.130297660828
117;18405;4.1998;446.819797754288
118;18406;4.1838;451.019597768784
119;18407;3.951;455.203397989273
120;18408;3.9703;459.154397964478
121;18409;4.2537;463.12469792366
122;18410;3.54;467.378397703171
123;18411;4.2682;470.918397665024
124;18412;4.2255;475.186597585678
125;18413;5.1226;479.41209769249
126;18414;3.9655;484.534697771072
127;18415;3.6156;488.500197649002
128;18416;3.3766;492.115797758102
129;18417;3.6736;495.492397785187
130;18418;3.2915;499.165997743607
131;18419;3.7003;502.457497835159
132;18420;4.0868;506.157797813416
133;18421;3.9859;510.244597911835
134;18422;3.873;514.230497837067
135;18423;3.3093;518.103497743607
136;18424;3.2411;521.412797689438
137;18425;3.864;524.653897762299
138;18426;3.343;528.517897844315
139;18427;3.2682;531.860897779465
140;18428;3.6083;535.129097700119
141;18429;4.3188;538.737397670746
142;18430;4.1644;543.05619764328
143;18431;4.1615;547.220597743988
144;18432;4.0042;551.3820977211
145;18433;3.9947;555.386297702789
146;18434;4.3279;559.380997657776
147;18435;3.7252;563.708897590637
148;18436;4.7618;567.434097528458
149;18437;4.457;572.195897340775
150;18438;4.0747;576.652897119522
151;18439;3.824;580.727596998215
152;18440;3.9592;584.551596879959
153;18441;3.9674;588.510796785355
154;18442;3.9096;592.47819685936
155;18443;3.5103;596.387796878815
156;18444;3.307;599.89809679985
157;18445;3.6708;603.205096721649
158;18446;3.6701;606.875896692276
159;18447;4.1874;610.545996665955
160;18448;3.534;614.733396530151
161;18449;3.6993;618.267396450043
162;18450;3.6899;621.966696500778
163;18451;3.6656;625.656596422195
164;18452;3.3854;629.322196483612
165;18453;3.9335;632.707596540451
166;18454;3.5872;636.641096591949
167;18455;3.2303;640.228296518326
168;18456;3.5857;643.458596467972
169;18457;3.3769;647.044296503067
170;18458;3.4957;650.421196460724
171;18459;3.406;653.916896343231
172;18460;3.8487;657.322896242142
173;18461;3.3298;661.171596288681
174;18462;3.8427;664.501396179199
175;18463;3.7128;668.344096183777
176;18464;3.2921;672.056896209717
177;18465;3.5552;675.348996162415
178;18466;3.2308;678.90419626236
179;18467;3.4258;682.134996175766
180;18468;3.9778;685.560796260834
181;18469;3.4738;689.538596153259
182;18470;3.4972;693.012396097183
183;18471;3.534;696.50959610939
184;18472;3.2821;700.043596029282
185;18473;3.6777;703.325695991516
186;18474;3.1473;707.003396034241
187;18475;3.6219;710.1506960392
188;18476;3.2846;713.772596120834
189;18477;2.7188;717.057196140289
190;18478;3.2871;719.775996208191
191;18479;3.3558;723.063096284866
192;18480;4.1428;726.418896198273
193;18481;2.9204;730.561696052551
194;18482;2.5432;733.482095956802
195;18483;3.922;736.025295972824
196;18484;8.807;739.94729590416
197;18485;3.4087;748.754296064377
198;18486;3.5535;752.162996053696
199;18487;2.7381;755.716495990753
200;18488;3.4464;758.454596042633
201;18489;3.0347;761.900995969772
202;18490;2.8076;764.935695886612
203;18491;3.5656;767.743295907974
204;18492;3.402;771.30889582634
205;18493;3.7654;774.710895776749
206;18494;3.9202;778.47629570961
207;18495;3.0982;782.396495580673
208;18496;3.6308;785.494695663452
209;18497;3.2011;789.125495672226
210;18498;3.7042;792.326595783234
211;18499;3.8981;796.030795812607
212;18500;3.9258;799.928895711899
213;18501;4.1779;803.854695796967
214;18502;4.4672;808.03259563446
215;18503;4.1897;812.499795436859
216;18504;4.0187;816.689495563507
217;18505;4.2003;820.70819568634
218;18506;3.9702;824.908495903015
219;18507;4.6481;828.878695964813
220;18508;3.8156;833.526795864105
221;18509;3.9032;837.342395782471
222;18510;4.4738;841.245595693588
223;18511;3.9872;845.719395875931
224;18512;3.6489;849.706595897675
225;18513;3.1378;853.355495929718
226;18514;3.7097;856.493295907974
227;18515;4.1409;860.202996015549
228;18516;4.9271;864.343896150589
229;18517;6.3698;869.270996332169
230;18518;5.8332;875.640796422958
231;18519;4.0485;881.473996400833
232;18520;5.801;885.522496461868
233;18521;4.582;891.323496580124
234;18522;3.4537;895.905496358871
235;18523;5.7256;899.359196424484
236;18524;4.5353;905.084796190262
237;18525;4.0871;909.620095968246
238;18526;3.6754;913.707195997238
239;18527;4.2679;917.38259601593
240;18528;3.5711;921.650496006012
241;18529;3.1667;925.221596002579
242;18530;4.3721;928.388295888901
243;18531;3.5194;932.760395765305
244;18532;3.216;936.279795646667
245;18533;3.5437;939.495795726776
246;18534;4.4272;943.039495706558
247;18535;3.7561;947.466695547104
248;18536;3.7873;951.22279548645
249;18537;4.1759;955.010095357895
250;18538;3.7587;959.185995340347
251;18539;3.5599;962.944695234299
252;18540;3.7203;966.504595279694
253;18541;3.0181;970.224895238876
254;18542;4.0492;973.242995262146
255;18543;3.6313;977.292195320129
256;18544;4.4439;980.923495292664
257;18545;3.8143;985.367395401001
258;18546;3.9024;989.181695461273
259;18547;4.8301;993.084095478058
260;18548;4.8017;997.914195537567
261;18549;4.324;1002.71589565277
262;18550;4.6147;1007.03989553452
263;18551;3.9952;1011.65459537506
264;18552;3.5044;1015.64979529381
265;18553;3.5328;1019.15419530869
266;18554;4.0547;1022.68699526787
267;18555;4.1628;1026.74169516563
268;18556;4.2522;1030.90449500084
269;18557;3.8763;1035.15669512749
270;18558;3.8777;1039.032995224
271;18559;3.5516;1042.91069531441
272;18560;4.1532;1046.46229529381
273;18561;4.0249;1050.61549544334
274;18562;4.4521;1054.64039540291
275;18563;4.3918;1059.09249520302
276;18564;4.6075;1063.48429512978
277;18565;4.1799;1068.09179520607
278;18566;7.0461;1072.27169537544
279;18567;5.6656;1079.31779551506
280;18568;4.7401;1084.98339533806
281;18569;3.7129;1089.72349524498
282;18570;3.2343;1093.4363951683
283;18571;3.2759;1096.67069506645
284;18572;3.7012;1099.94659495354
285;18573;3.1524;1103.64779496193
286;18574;3.5924;1106.80019497871
287;18575;3.3504;1110.39259505272
288;18576;4.107;1113.74299502373
289;18577;3.8008;1117.84999489784
290;18578;3.1523;1121.65079498291
291;18579;3.7675;1124.80309486389
292;18580;3.0641;1128.5705947876
293;18581;3.3255;1131.63469481468
294;18582;3.5863;1134.96019482613
295;18583;4.2335;1138.54649472237
296;18584;3.7988;1142.77999472618
297;18585;4.0358;1146.57879471779
298;18586;6.4328;1150.61459469795
299;18587;468.9771;1157.04739451408
